username,email,first_name,last_name,password
mellicent,Mellicent.Darian@test.ru,Mellicent,Darian,FiybZnjPSn
nessie,Nessie.Vacuva@test.ru,Nessie,Vacuva,pJNswbmEDr
felecia,Gretal.Felecia@test.ru,Gretal,Felecia,AGFfQDnDWJ
aigneis,Aigneis.Emmy@test.ru,Aigneis,Emmy,KLWrJvZJXN
graig,Perry.Graig@test.ru,Perry,Graig,gNTWwEoZpx
huggins,Susan.Huggins@test.ru,Susan,Huggins,QKedhRdUyN
harriman,Ethel.Harriman@test.ru,Ethel,Harriman,MCCwGulNUe
amaraphi,Amara.Phi@test.ru,Amara,Phi,RDiQKfCXWZ
hildegaard,Hildegaard.Kalinda@test.ru,Hildegaard,Kalinda,gCbaSULKRv
tomasina,Orelia.Tomasina@test.ru,Orelia,Tomasina,EZRGooVDvj
vasilekx,vasilekx@test.ru,Vlad,Vasilenko,z123456x
